Position,Const,Created,Modified,Description,Title,URL,Title Type,IMDb Rating,Runtime (mins),Year,Genres,Num Votes,Release Date,Directors
1,tt0111161,2019-11-21,2019-11-21,,The Shawshank Redemption,https://www.imdb.com/title/tt0111161/,movie,9.3,142,1994,Drama,2231333,1994-09-10,Frank Darabont
2,tt0068646,2019-11-21,2019-11-21,,The Godfather,https://www.imdb.com/title/tt0068646/,movie,9.2,175,1972,"Crime, Drama",1538130,1972-03-14,Francis Ford Coppola
3,tt0071562,2019-11-21,2019-11-21,,The Godfather: Part II,https://www.imdb.com/title/tt0071562/,movie,9.0,202,1974,"Crime, Drama",1076177,1974-12-12,Francis Ford Coppola
4,tt0468569,2019-11-21,2019-11-21,,The Dark Knight,https://www.imdb.com/title/tt0468569/,movie,9.0,152,2008,"Action, Crime, Drama, Thriller",2203522,2008-07-14,Christopher Nolan
5,tt0050083,2019-11-21,2019-11-21,,12 Angry Men,https://www.imdb.com/title/tt0050083/,movie,8.9,96,1957,Drama,652333,1957-04-10,Sidney Lumet
6,tt0108052,2019-11-21,2019-11-21,,Schindler's List,https://www.imdb.com/title/tt0108052/,movie,8.9,195,1993,"Biography, Drama, History",1161114,1993-11-30,Steven Spielberg
7,tt0167260,2019-11-21,2019-11-21,,The Lord of the Rings: The Return of the King,https://www.imdb.com/title/tt0167260/,movie,8.9,201,2003,"Adventure, Drama, Fantasy",1579354,2003-12-01,Peter Jackson
8,tt0110912,2019-11-21,2019-11-21,,Pulp Fiction,https://www.imdb.com/title/tt0110912/,movie,8.9,154,1994,"Crime, Drama",1749404,1994-05-21,Quentin Tarantino
9,tt0060196,2019-11-21,2019-11-21,,"Il buono, il brutto, il cattivo",https://www.imdb.com/title/tt0060196/,movie,8.8,161,1966,Western,659667,1966-12-23,Sergio Leone
10,tt0137523,2019-11-21,2019-11-21,,Fight Club,https://www.imdb.com/title/tt0137523/,movie,8.8,139,1999,Drama,1777053,1999-09-10,David Fincher
11,tt7286456,2019-11-21,2019-11-21,,Joker,https://www.imdb.com/title/tt7286456/,movie,8.5,122,2019,"Crime, Drama, Thriller",772881,2019-08-31,Todd Phillips
12,tt0120737,2019-11-21,2019-11-21,,The Lord of the Rings: The Fellowship of the Ring,https://www.imdb.com/title/tt0120737/,movie,8.8,178,2001,"Action, Adventure, Drama, Fantasy",1592357,2001-12-10,Peter Jackson
13,tt0109830,2019-11-21,2019-11-21,,Forrest Gump,https://www.imdb.com/title/tt0109830/,movie,8.8,142,1994,"Drama, Romance",1720738,1994-06-23,Robert Zemeckis
14,tt1375666,2019-11-21,2019-11-21,,Inception,https://www.imdb.com/title/tt1375666/,movie,8.8,148,2010,"Action, Adventure, Sci-Fi, Thriller",1956314,2010-07-08,Christopher Nolan
15,tt0080684,2019-11-21,2019-11-21,,Star Wars: Episode V - The Empire Strikes Back,https://www.imdb.com/title/tt0080684/,movie,8.7,124,1980,"Action, Adventure, Fantasy, Sci-Fi",1114269,1980-05-17,Irvin Kershner
16,tt0167261,2019-11-21,2019-11-21,,The Lord of the Rings: The Two Towers,https://www.imdb.com/title/tt0167261/,movie,8.7,179,2002,"Adventure, Drama, Fantasy",1426555,2002-12-05,Peter Jackson
17,tt0133093,2019-11-21,2019-11-21,,The Matrix,https://www.imdb.com/title/tt0133093/,movie,8.7,136,1999,"Action, Sci-Fi",1602277,1999-03-24,"Lilly Wachowski, Lana Wachowski"
18,tt0073486,2019-11-21,2019-11-21,,One Flew Over the Cuckoo's Nest,https://www.imdb.com/title/tt0073486/,movie,8.7,133,1975,Drama,876527,1975-11-19,Milos Forman
19,tt0099685,2019-11-21,2019-11-21,,Goodfellas,https://www.imdb.com/title/tt0099685/,movie,8.7,146,1990,"Biography, Crime, Drama",970983,1990-09-09,Martin Scorsese
20,tt0047478,2019-11-21,2019-11-21,,Shichinin no samurai,https://www.imdb.com/title/tt0047478/,movie,8.6,207,1954,"Action, Adventure, Drama",301502,1954-04-26,Akira Kurosawa
21,tt0114369,2019-11-21,2019-11-21,,Se7en,https://www.imdb.com/title/tt0114369/,movie,8.6,127,1995,"Crime, Drama, Mystery, Thriller",1373702,1995-09-15,David Fincher
22,tt0317248,2019-11-21,2019-11-21,,Cidade de Deus,https://www.imdb.com/title/tt0317248/,movie,8.6,130,2002,"Crime, Drama",675984,2002-05-18,"Kátia Lund, Fernando Meirelles"
23,tt0118799,2019-11-21,2019-11-21,,La vita è bella,https://www.imdb.com/title/tt0118799/,movie,8.6,116,1997,"Comedy, Drama, Romance, War",593105,1997-12-20,Roberto Benigni
24,tt0102926,2019-11-21,2019-11-21,,The Silence of the Lambs,https://www.imdb.com/title/tt0102926/,movie,8.6,118,1991,"Crime, Drama, Thriller",1209015,1991-01-30,Jonathan Demme
25,tt0076759,2019-11-21,2019-11-21,,Star Wars,https://www.imdb.com/title/tt0076759/,movie,8.6,121,1977,"Action, Adventure, Fantasy, Sci-Fi",1186223,1977-05-25,George Lucas
26,tt0038650,2019-11-21,2019-11-21,,It's a Wonderful Life,https://www.imdb.com/title/tt0038650/,movie,8.6,130,1946,"Drama, Family, Fantasy",381450,1946-12-20,Frank Capra
27,tt0120815,2019-11-21,2019-11-21,,Saving Private Ryan,https://www.imdb.com/title/tt0120815/,movie,8.6,169,1998,"Drama, War",1181163,1998-07-21,Steven Spielberg
28,tt0245429,2019-11-21,2019-11-21,,Sen to Chihiro no kamikakushi,https://www.imdb.com/title/tt0245429/,movie,8.6,125,2001,"Animation, Adventure, Family, Fantasy, Mystery",607104,2001-07-20,Hayao Miyazaki
29,tt0120689,2019-11-21,2019-11-21,,The Green Mile,https://www.imdb.com/title/tt0120689/,movie,8.6,189,1999,"Crime, Drama, Fantasy, Mystery",1088455,1999-12-06,Frank Darabont
30,tt0110413,2019-11-21,2019-11-21,,Léon,https://www.imdb.com/title/tt0110413/,movie,8.5,110,1994,"Action, Crime, Drama, Thriller",988188,1994-09-14,Luc Besson
31,tt0056058,2019-11-21,2019-11-21,,Seppuku,https://www.imdb.com/title/tt0056058/,movie,8.7,133,1962,"Action, Drama, History",33270,1962-09-16,Masaki Kobayashi
32,tt0816692,2019-11-21,2019-11-21,,Interstellar,https://www.imdb.com/title/tt0816692/,movie,8.6,169,2014,"Adventure, Drama, Sci-Fi, Thriller",1407202,2014-10-26,Christopher Nolan
33,tt0114814,2019-11-21,2019-11-21,,The Usual Suspects,https://www.imdb.com/title/tt0114814/,movie,8.5,106,1995,"Crime, Mystery, Thriller",952506,1995-01-25,Bryan Singer
34,tt0110357,2019-11-21,2019-11-21,,The Lion King,https://www.imdb.com/title/tt0110357/,movie,8.5,88,1994,"Animation, Adventure, Drama, Family, Musical",900643,1994-06-12,"Rob Minkoff, Roger Allers"
35,tt0120586,2019-11-21,2019-11-21,,American History X,https://www.imdb.com/title/tt0120586/,movie,8.5,119,1998,Drama,998965,1998-10-30,Tony Kaye
36,tt0088763,2019-11-21,2019-11-21,,Back to the Future,https://www.imdb.com/title/tt0088763/,movie,8.5,116,1985,"Adventure, Comedy, Sci-Fi",996751,1985-07-03,Robert Zemeckis
37,tt0253474,2019-11-21,2019-11-21,,The Pianist,https://www.imdb.com/title/tt0253474/,movie,8.5,150,2002,"Biography, Drama, Music, War",691986,2002-05-24,Roman Polanski
38,tt0027977,2019-11-21,2019-11-21,,Modern Times,https://www.imdb.com/title/tt0027977/,movie,8.5,87,1936,"Comedy, Drama, Family, Romance",205905,1936-02-05,Charles Chaplin
39,tt0103064,2019-11-21,2019-11-21,,Terminator 2: Judgment Day,https://www.imdb.com/title/tt0103064/,movie,8.5,137,1991,"Action, Sci-Fi",960096,1991-07-01,James Cameron
40,tt1675434,2019-11-21,2019-11-21,,Intouchables,https://www.imdb.com/title/tt1675434/,movie,8.5,112,2011,"Biography, Comedy, Drama",723106,2011-09-23,"Olivier Nakache, Éric Toledano"
41,tt0054215,2019-11-21,2019-11-21,,Psycho,https://www.imdb.com/title/tt0054215/,movie,8.5,109,1960,"Horror, Mystery, Thriller",572799,1960-06-16,Alfred Hitchcock
42,tt0172495,2019-11-21,2019-11-21,,Gladiator,https://www.imdb.com/title/tt0172495/,movie,8.5,155,2000,"Action, Adventure, Drama",1284447,2000-05-01,Ridley Scott
43,tt0021749,2019-11-21,2019-11-21,,City Lights,https://www.imdb.com/title/tt0021749/,movie,8.5,87,1931,"Comedy, Drama, Romance",158398,1931-01-30,Charles Chaplin
44,tt0407887,2019-11-21,2019-11-21,,The Departed,https://www.imdb.com/title/tt0407887/,movie,8.5,151,2006,"Crime, Drama, Thriller",1138420,2006-09-26,Martin Scorsese
45,tt2582802,2019-11-21,2019-11-21,,Whiplash,https://www.imdb.com/title/tt2582802/,movie,8.5,106,2014,"Drama, Music",672404,2014-01-16,Damien Chazelle
46,tt0064116,2019-11-21,2019-11-21,,C'era una volta il West,https://www.imdb.com/title/tt0064116/,movie,8.5,165,1968,Western,288598,1968-12-20,Sergio Leone
47,tt0482571,2019-11-21,2019-11-21,,The Prestige,https://www.imdb.com/title/tt0482571/,movie,8.5,130,2006,"Drama, Mystery, Sci-Fi, Thriller",1130997,2006-10-17,Christopher Nolan
48,tt4154796,2019-11-21,2019-11-21,,Avengers: Endgame,https://www.imdb.com/title/tt4154796/,movie,8.4,181,2019,"Action, Adventure, Drama, Sci-Fi",707973,2019-04-22,"Anthony Russo, Joe Russo"
49,tt0034583,2019-11-21,2019-11-21,,Casablanca,https://www.imdb.com/title/tt0034583/,movie,8.5,102,1942,"Drama, Romance, War",500966,1942-11-26,Michael Curtiz
50,tt0095327,2019-11-21,2019-11-21,,Hotaru no haka,https://www.imdb.com/title/tt0095327/,movie,8.5,89,1988,"Animation, Drama, War",217384,1988-04-16,Isao Takahata
51,tt0047396,2019-11-21,2019-11-21,,Rear Window,https://www.imdb.com/title/tt0047396/,movie,8.4,112,1954,"Mystery, Thriller",423435,1954-08-04,Alfred Hitchcock
52,tt0095765,2019-11-21,2019-11-21,,Nuovo Cinema Paradiso,https://www.imdb.com/title/tt0095765/,movie,8.5,155,1988,Drama,216555,1988-09-29,Giuseppe Tornatore
53,tt0078748,2019-11-21,2019-11-21,,Alien,https://www.imdb.com/title/tt0078748/,movie,8.4,117,1979,"Horror, Sci-Fi",754162,1979-05-25,Ridley Scott
54,tt0082971,2019-11-21,2019-11-21,,Raiders of the Lost Ark,https://www.imdb.com/title/tt0082971/,movie,8.4,115,1981,"Action, Adventure",851273,1981-06-12,Steven Spielberg
55,tt0209144,2019-11-21,2019-11-21,,Memento,https://www.imdb.com/title/tt0209144/,movie,8.4,113,2000,"Mystery, Thriller",1079807,2000-09-05,Christopher Nolan
56,tt0078788,2019-11-21,2019-11-21,,Apocalypse Now,https://www.imdb.com/title/tt0078788/,movie,8.4,147,1979,"Drama, Mystery, War",579593,1979-05-19,Francis Ford Coppola
57,tt0032553,2019-11-21,2019-11-21,,The Great Dictator,https://www.imdb.com/title/tt0032553/,movie,8.4,125,1940,"Comedy, Drama, War",192863,1940-10-15,Charles Chaplin
58,tt0405094,2019-11-21,2019-11-21,,Das Leben der Anderen,https://www.imdb.com/title/tt0405094/,movie,8.4,137,2006,"Drama, Mystery, Thriller",342770,2006-03-15,Florian Henckel von Donnersmarck
59,tt4154756,2019-11-21,2019-11-21,,Avengers: Infinity War,https://www.imdb.com/title/tt4154756/,movie,8.5,149,2018,"Action, Adventure, Sci-Fi",768909,2018-04-23,"Anthony Russo, Joe Russo"
60,tt1853728,2019-11-21,2019-11-21,,Django Unchained,https://www.imdb.com/title/tt1853728/,movie,8.4,165,2012,"Drama, Western",1290235,2012-12-11,Quentin Tarantino
61,tt4633694,2019-11-21,2019-11-21,,Spider-Man: Into the Spider-Verse,https://www.imdb.com/title/tt4633694/,movie,8.4,117,2018,"Animation, Action, Adventure, Family, Sci-Fi",313645,2018-12-06,"Bob Persichetti, Rodney Rothman, Peter Ramsey"
62,tt0081505,2019-11-21,2019-11-21,,The Shining,https://www.imdb.com/title/tt0081505/,movie,8.4,146,1980,"Drama, Horror",849427,1980-05-23,Stanley Kubrick
63,tt0050825,2019-11-21,2019-11-21,,Paths of Glory,https://www.imdb.com/title/tt0050825/,movie,8.4,88,1957,"Drama, War",167983,1957-11-01,Stanley Kubrick
64,tt0910970,2019-11-21,2019-11-21,,WALL·E,https://www.imdb.com/title/tt0910970/,movie,8.4,98,2008,"Animation, Adventure, Family, Sci-Fi",958453,2008-06-21,Andrew Stanton
65,tt0043014,2019-11-21,2019-11-21,,Sunset Blvd.,https://www.imdb.com/title/tt0043014/,movie,8.4,110,1950,"Drama, Film-Noir",191048,1950-08-10,Billy Wilder
66,tt0057012,2019-11-21,2019-11-21,,Dr. Strangelove or: How I Learned to Stop Worrying and Love the Bomb,https://www.imdb.com/title/tt0057012/,movie,8.4,95,1964,Comedy,433955,1964-01-29,Stanley Kubrick
67,tt0119698,2019-11-21,2019-11-21,,Mononoke-hime,https://www.imdb.com/title/tt0119698/,movie,8.4,134,1997,"Animation, Adventure, Fantasy",320167,1997-07-12,Hayao Miyazaki
68,tt0364569,2019-11-21,2019-11-21,,Oldeuboi,https://www.imdb.com/title/tt0364569/,movie,8.4,120,2003,"Action, Drama, Mystery, Thriller",490207,2003-11-21,Chan-wook Park
69,tt0051201,2019-11-21,2019-11-21,,Witness for the Prosecution,https://www.imdb.com/title/tt0051201/,movie,8.4,116,1957,"Crime, Drama, Mystery, Thriller",100967,1957-12-17,Billy Wilder
70,tt1345836,2019-11-21,2019-11-21,,The Dark Knight Rises,https://www.imdb.com/title/tt1345836/,movie,8.4,164,2012,"Action, Adventure",1457517,2012-07-16,Christopher Nolan
71,tt0087843,2019-11-21,2019-11-21,,Once Upon a Time in America,https://www.imdb.com/title/tt0087843/,movie,8.4,229,1984,"Crime, Drama",295715,1984-05-20,Sergio Leone
72,tt6751668,2019-11-21,2019-11-21,,Gisaengchung,https://www.imdb.com/title/tt6751668/,movie,8.6,132,2019,"Comedy, Drama, Thriller",389459,2019-05-21,Bong Joon Ho
73,tt0090605,2019-11-21,2019-11-21,,Aliens,https://www.imdb.com/title/tt0090605/,movie,8.3,137,1986,"Action, Adventure, Sci-Fi, Thriller",629295,1986-07-14,James Cameron
74,tt0169547,2019-11-21,2019-11-21,,American Beauty,https://www.imdb.com/title/tt0169547/,movie,8.3,122,1999,Drama,1034599,1999-09-08,Sam Mendes
75,tt2380307,2019-11-21,2019-11-21,,Coco,https://www.imdb.com/title/tt2380307/,movie,8.4,105,2017,"Animation, Adventure, Family, Fantasy, Music, Mystery",335069,2017-10-20,"Adrian Molina, Lee Unkrich"
76,tt5311514,2019-11-21,2019-11-21,,Kimi no na wa.,https://www.imdb.com/title/tt5311514/,movie,8.4,106,2016,"Animation, Drama, Fantasy, Romance",166341,2016-07-03,Makoto Shinkai
77,tt0112573,2019-11-21,2019-11-21,,Braveheart,https://www.imdb.com/title/tt0112573/,movie,8.3,178,1995,"Biography, Drama, History, War",929692,1995-05-18,Mel Gibson
78,tt0082096,2019-11-21,2019-11-21,,Das Boot,https://www.imdb.com/title/tt0082096/,movie,8.3,149,1981,"Adventure, Drama, Thriller, War",221954,1981-09-17,Wolfgang Petersen
79,tt1187043,2019-11-21,2019-11-21,,3 Idiots,https://www.imdb.com/title/tt1187043/,movie,8.4,170,2009,"Comedy, Drama",323033,2009-12-23,Rajkumar Hirani
80,tt0986264,2019-11-21,2019-11-21,,Taare Zameen Par,https://www.imdb.com/title/tt0986264/,movie,8.4,165,2007,"Drama, Family",155918,2007-12-21,"Aamir Khan, Amole Gupte"
81,tt0086190,2019-11-21,2019-11-21,,Star Wars: Episode VI - Return of the Jedi,https://www.imdb.com/title/tt0086190/,movie,8.3,131,1983,"Action, Adventure, Fantasy, Sci-Fi",913570,1983-05-25,Richard Marquand
82,tt0114709,2019-11-21,2019-11-21,,Toy Story,https://www.imdb.com/title/tt0114709/,movie,8.3,81,1995,"Animation, Adventure, Comedy, Family, Fantasy",849415,1995-11-19,John Lasseter
83,tt0105236,2019-11-21,2019-11-21,,Reservoir Dogs,https://www.imdb.com/title/tt0105236/,movie,8.3,99,1992,"Crime, Drama, Thriller",880778,1992-01-21,Quentin Tarantino
84,tt0086879,2019-11-21,2019-11-21,,Amadeus,https://www.imdb.com/title/tt0086879/,movie,8.3,160,1984,"Biography, Drama, History, Music",354939,1984-09-06,Milos Forman
85,tt5074352,2019-11-21,2019-11-21,,Dangal,https://www.imdb.com/title/tt5074352/,movie,8.4,161,2016,"Action, Biography, Drama, Sport",140791,2016-12-21,Nitesh Tiwari
86,tt0119217,2019-11-21,2019-11-21,,Good Will Hunting,https://www.imdb.com/title/tt0119217/,movie,8.3,126,1997,"Drama, Romance",819839,1997-12-02,Gus Van Sant
87,tt0361748,2019-11-21,2019-11-21,,Inglourious Basterds,https://www.imdb.com/title/tt0361748/,movie,8.3,153,2009,"Adventure, Drama, War",1203943,2009-05-20,Quentin Tarantino
88,tt0022100,2019-11-21,2019-11-21,,M - Eine Stadt sucht einen Mörder,https://www.imdb.com/title/tt0022100/,movie,8.3,117,1931,"Crime, Mystery, Thriller",136069,1931-05-11,Fritz Lang
89,tt0180093,2019-11-21,2019-11-21,,Requiem for a Dream,https://www.imdb.com/title/tt0180093/,movie,8.3,102,2000,Drama,736248,2000-05-14,Darren Aronofsky
90,tt0062622,2019-11-21,2019-11-21,,2001: A Space Odyssey,https://www.imdb.com/title/tt0062622/,movie,8.3,149,1968,"Adventure, Sci-Fi",575804,1968-04-02,Stanley Kubrick
91,tt0052357,2019-11-21,2019-11-21,,Vertigo,https://www.imdb.com/title/tt0052357/,movie,8.3,128,1958,"Mystery, Romance, Thriller",342772,1958-05-09,Alfred Hitchcock
92,tt0338013,2019-11-21,2019-11-21,,Eternal Sunshine of the Spotless Mind,https://www.imdb.com/title/tt0338013/,movie,8.3,108,2004,"Drama, Romance, Sci-Fi",872432,2004-03-09,Michel Gondry
93,tt0033467,2019-11-21,2019-11-21,,Citizen Kane,https://www.imdb.com/title/tt0033467/,movie,8.3,119,1941,"Drama, Mystery",381887,1941-05-01,Orson Welles
94,tt0093058,2019-11-21,2019-11-21,,Full Metal Jacket,https://www.imdb.com/title/tt0093058/,movie,8.3,116,1987,"Drama, War",645869,1987-06-17,Stanley Kubrick
95,tt2106476,2019-11-21,2019-11-21,,Jagten,https://www.imdb.com/title/tt2106476/,movie,8.3,115,2012,Drama,262093,2012-05-20,Thomas Vinterberg
96,tt0053125,2019-11-21,2019-11-21,,North by Northwest,https://www.imdb.com/title/tt0053125/,movie,8.3,136,1959,"Adventure, Mystery, Thriller",286045,1959-07-01,Alfred Hitchcock
97,tt0066921,2019-11-21,2019-11-21,,A Clockwork Orange,https://www.imdb.com/title/tt0066921/,movie,8.3,136,1971,"Crime, Drama, Sci-Fi",727718,1971-12-19,Stanley Kubrick
98,tt0208092,2019-11-21,2019-11-21,,Snatch,https://www.imdb.com/title/tt0208092/,movie,8.3,104,2000,"Comedy, Crime",754781,2000-08-23,Guy Ritchie
99,tt0211915,2019-11-21,2019-11-21,,Le fabuleux destin d'Amélie Poulain,https://www.imdb.com/title/tt0211915/,movie,8.3,122,2001,"Comedy, Romance",681064,2001-04-25,Jean-Pierre Jeunet
100,tt0012349,2019-11-21,2019-11-21,,The Kid,https://www.imdb.com/title/tt0012349/,movie,8.3,68,1921,"Comedy, Drama, Family",105818,1921-01-16,Charles Chaplin
